<?xml version="1.0" encoding="utf-8"?>
<manifest identifier="_60iUCWt49k9_course_id" version="1.0" xmlns="http://www.imsproject.org/xsd/imscp_rootv1p1p2" xmlns:adlcp="http://www.adlnet.org/xsd/adlcp_rootv1p2" xmlns:xsi="http://www.w3.org/2001/XMLSchema-instance" xsi:schemaLocation="http://www.imsproject.org/xsd/imscp_rootv1p1p2 imscp_rootv1p1p2.xsd http://www.imsglobal.org/xsd/imsmd_rootv1p2p1 imsmd_rootv1p2p1.xsd http://www.adlnet.org/xsd/adlcp_rootv1p2 adlcp_rootv1p2.xsd">
  <metadata>
    <schema>ADL SCORM</schema>
    <schemaversion>1.2</schemaversion>
    <lom xmlns="http://www.imsglobal.org/xsd/imsmd_rootv1p2p1" xmlns:xsi="http://www.w3.org/2001/XMLSchema-instance" xsi:schemaLocation="http://www.imsglobal.org/xsd/imsmd_rootv1p2p1 imsmd_rootv1p2p1.xsd">
      <general>
        <title>
          <langstring xml:lang="x-none">AmyMills_149_SC</langstring>
        </title>
        <description>
          <langstring xml:lang="x-none">Note Card Interaction- Presidential Positions</langstring>
        </description>
      </general>
      <lifecycle>
        <version>
          <langstring xml:lang="x-none">1</langstring>
        </version>
        <status>
          <source>
            <langstring xml:lang="x-none">LOMv1.0</langstring>
          </source>
          <value>
            <langstring xml:lang="x-none">Final</langstring>
          </value>
        </status>
      </lifecycle>
      <metametadata>
        <metadatascheme>ADL SCORM 1.2</metadatascheme>
      </metametadata>
      <educational>
        <typicallearningtime>
          <datetime>PT0H0M0S</datetime>
        </typicallearningtime>
      </educational>
      <rights>
        <cost>
          <source>
            <langstring xml:lang="x-none">LOMv1.0</langstring>
          </source>
          <value>
            <langstring xml:lang="x-none">yes</langstring>
          </value>
        </cost>
        <copyrightandotherrestrictions>
          <source>
            <langstring xml:lang="x-none">LOMv1.0</langstring>
          </source>
          <value>
            <langstring xml:lang="x-none">yes</langstring>
          </value>
        </copyrightandotherrestrictions>
      </rights>
    </lom>
  </metadata>
  <organizations default="AmyMills_149_SC_ORG">
    <organization identifier="AmyMills_149_SC_ORG">
      <title>AmyMills_149_SC</title>
      <item identifier="AmyMills_149_SCO" isvisible="true" identifierref="__60iUCWt49k9_course_id_RES">
        <title>AmyMills_149_SC</title>
      </item>
    </organization>
  </organizations>
  <resources>
    <resource identifier="__60iUCWt49k9_course_id_RES" type="webcontent" href="index_lms.html" adlcp:scormtype="sco">
      <file href="story_content/thumbnail.jpg" />
      <file href="story_content/6Ad5FTl8xH9_80_B20_P_38_41_785_510_DX1584_DY1584.swf" />
      <file href="mobile/6Ad5FTl8xH9_80_B20_P_38_41_785_510_DX1584_DY1584_CX721_CY540.png" />
      <file href="mobile/6Ad5FTl8xH9_80_B20_P_38_41_785_510_DX1584_DY1584_CX721_CY540.swf" />
      <file href="mobile/6Ad5FTl8xH9_80_B20_P_38_41_785_510_DX1584_DY1584_CX721_CY528.png" />
      <file href="mobile/6Ad5FTl8xH9_80_B20_P_38_41_785_510_DX1584_DY1584_CX721_CY528.swf" />
      <file href="story_content/5fsTF07I8qK_80_DX194_DY194.swf" />
      <file href="mobile/5fsTF07I8qK_80_DX194_DY194_CX80_CY97.png" />
      <file href="mobile/5fsTF07I8qK_80_DX194_DY194_CX80_CY97.swf" />
      <file href="story_content/5fsTF07I8qK_80_RG_DX194_DY194.swf" />
      <file href="mobile/5fsTF07I8qK_80_RG_DX194_DY194_CX80_CY97.png" />
      <file href="mobile/5fsTF07I8qK_80_RG_DX194_DY194_CX80_CY97.swf" />
      <file href="story_content/5fmxSc5LIbE_80_DX194_DY194.swf" />
      <file href="mobile/5fmxSc5LIbE_80_DX194_DY194_CX80_CY97.png" />
      <file href="mobile/5fmxSc5LIbE_80_DX194_DY194_CX80_CY97.swf" />
      <file href="story_content/5fmxSc5LIbE_80_RG_DX194_DY194.swf" />
      <file href="mobile/5fmxSc5LIbE_80_RG_DX194_DY194_CX80_CY97.png" />
      <file href="mobile/5fmxSc5LIbE_80_RG_DX194_DY194_CX80_CY97.swf" />
      <file href="story_content/6V4mfC3oKA6_80_DX194_DY194.swf" />
      <file href="mobile/6V4mfC3oKA6_80_DX194_DY194_CX80_CY97.png" />
      <file href="mobile/6V4mfC3oKA6_80_DX194_DY194_CX80_CY97.swf" />
      <file href="story_content/6V4mfC3oKA6_80_RG_DX194_DY194.swf" />
      <file href="mobile/6V4mfC3oKA6_80_RG_DX194_DY194_CX80_CY97.png" />
      <file href="mobile/6V4mfC3oKA6_80_RG_DX194_DY194_CX80_CY97.swf" />
      <file href="meta.xml" />
      <file href="story_content/FontFactory.swf" />
      <file href="story_content/fonts.swf" />
      <file href="story_content/fonts.xml" />
      <file href="mobile/fonts.js" />
      <file href="story_content/frame.xml" />
      <file href="story_content/frame.js" />
      <file href="story_content/user.js" />
      <file href="mobile/app_store.png" />
      <file href="mobile/mobile_icon.png" />
      <file href="mobile/linen_background.jpg" />
      <file href="story_unsupported.html" />
      <file href="mobile/player.css" />
      <file href="mobile/player_compiled.js" />
      <file href="story.swf" />
      <file href="story_content/frame.swf" />
      <file href="story_content/slides/6TmvsMNcwzB.swf" />
      <file href="mobile/slides/6TmvsMNcwzB.gz" />
      <file href="mobile/slides/6TmvsMNcwzB.js" />
      <file href="story_content/slides/5jYru4dmyRb.swf" />
      <file href="mobile/slides/5jYru4dmyRb.gz" />
      <file href="mobile/slides/5jYru4dmyRb.js" />
      <file href="story_content/data.swf" />
      <file href="mobile/data.gz" />
      <file href="mobile/data.js" />
      <file href="mobile/masks.js" />
      <file href="story.html" />
      <file href="story_html5.html" />
      <file href="index_lms_html5.html" />
      <file href="story_content/blank.html" />
      <file href="story_content/story.js" />
      <file href="amplaunch.html" />
      <file href="mobile/mobileinstall.html" />
      <file href="index_lms.html" />
      <file href="lms/AICCComm.html" />
      <file href="lms/AICCFunctions.js" />
      <file href="lms/API.js" />
      <file href="lms/APIConstants.js" />
      <file href="lms/blank.html" />
      <file href="lms/browsersniff.js" />
      <file href="lms/Configuration.js" />
      <file href="lms/goodbye.html" />
      <file href="lms/lms.js" />
      <file href="lms/LMSAPI.js" />
      <file href="lms/NONEFunctions.js" />
      <file href="lms/SCORM2004Functions.js" />
      <file href="lms/SCORMFunctions.js" />
      <file href="lms/UtilityFunctions.js" />
    </resource>
  </resources>
</manifest>