﻿<?xml version="1.0" encoding="utf-8"?><meta xmlns:xsi="http://www.w3.org/2001/XMLSchema-instance" xmlns:xsd="http://www.w3.org/2001/XMLSchema"><project id="6a0ist25grd" courseid="60iUCWt49k9_course_id" thumburl="story_content/thumbnail.jpg" title="AmyMills_149_SC" datepublished="2016-10-19T20:10:35" version="1.0.0.0" flashdata="story_content/data.swf" html5data="mobile/data.js" mobiledata="mobile/data.gz" enabledownload="true" duration="About 10 seconds" totalaudio="0" totalvideo="0"><description>Note Card Interaction- Presidential Positions</description><keywords /><slidemeta moniker="slide" monikerplural="slides" viewslides="2" slidecountdescription="2 slides" /><author name="Amy Mills" email="amy.mills@rhd.org" website="" /><application name="Articulate Storyline" version="2.11.1609.3020" xmlversion="3.5" /></project></meta>