﻿<?xml version="1.0" encoding="utf-8"?><bwFonts xmlns:xsi="http://www.w3.org/2001/XMLSchema-instance" xmlns:xsd="http://www.w3.org/2001/XMLSchema" fontfactoryurl="story_content/FontFactory.swf"><font id="00" name="Open SansBold Charset1 6XY5PnZ86Vq"><glyphs><g i="0" c="384" p="#^DP$v%jL$v%UIDmMI7mrIzk6I_i3Isi$H6jIHzkpH0mfHEm%RE$v%yA$v%$v9e%Jz9e%$BUnBCAqSCzsXCSrcDpqtDYoID8o%iG9e%TJ9e%tM8oEMPoUMcq9NAriNzspNCrGNbqYNMoaOUn%rQ9e%aU9e" /><g i="1" c="385" p="#^VA8pVAarABdsfCgtLDgteFgtUFesyGbryG8pyG6nTF6mdF5lJD5leC5lzB6mVA6nVA8p^mK8pmKusBInuRGfwIDfwKBfweAovKywuWxVs6xir6x8p6xOlSyYjCA5iMD5iKF5ieHYiKIOjyJplmK$mmK8p" /><g i="2" c="386" p="#^DH$v%7Hfu%WGfukGcvdFKv7EfwJCfwjAfw5zZuTxGtTxfr%Txmi%BBmi%BBkqBBNr6CxsEChtODhtmFht2GesLGbrLGMo%LGmi%uKmi%uK$v" /><g i="3" c="387" p="%^GB$vYx$vYx$cGB$c" /><g i="4" c="388" p="#^gCfwSzfwuynu6xvs6xbp6xQlvyZjVz5inC5iYE5iiG5k%qG5k8Gzi8Gmh%8G$c%TJ$c%TJ$v%0H$v%iGeu%8GeuTEfwgCfw^ADht$EhtGFsslGCrpGDp%pGdppG0nJF4m2F7lwD7lgC7lABbmUAenUAfpUAgrABhshChtADht" /><g i="5" c="389" p="#" /><g i="6" c="390" p="#^$vmi%3Ami%EC1qZC1r5Dos%aDosiD8rHD1q%dGmi%dKmi%rEKxEDTzaCXAIA$BKy$BNx$BRwNB%RwQywx$yjy$yiz$y1AoyNANxbBzw%pBVv" /><g i="7" c="391" p="#^NxPeNx$cPz$cRB$cRBPeRBHfkBagQAFgPzFgNxFgNxPe^GB$v%Yx$v%Yxmi%GBmi" /><g i="8" c="392" p="%^wBAo8DvmZGmi9LmiLFgovL$vcH$vgDtqGBLrGB$vYx$vYx$cGB$cGBtltBAo" /><g i="9" c="393" p="#^BDLkpCLkKBvl4BemZADn%bGDnaGemtFvlNELkBDLk^7EfwQAfwZyru6xCs6xgp6xQlQyZjyA5iAD5itG5i4ILjHJolHJio%HJ6q%UA6qYAHrQBBsICutiEutwFutCGetJHZsWIps%WIhvXHMvQG$vJFfw7Efw" /><g i="10" c="394" p="#^IDhtGEht2GRs%2GDvFEfwDCfwoAfwmz6vlyZtlyKr%ly9l%zw9l%zwAj%Dyki%Hzsf%4Csf%4Cmi%VFmi%VF9l%4C9l%4CJr4CwswCVsZChtIDht" /><g i="11" c="395" p="#^zF5ikG5iQGci%yGHl5GzlsFzlFDzlFCumGBonGB2p%GB$v%Yx$v%Yxmi%MAmi%jBEk%vBEk8CujdDOiiE5izF5i" /><g i="12" c="396" p="#^tHYrtH2u$F9vyEfwEBfw9Afw6z2w3yRv8xsv%8xnsaySstzctNAxtMBxtNDxtNDlsNDVrwDErfDmrBC0rXBGqQAcqgzypwy_oNxqorxIn6xZm6xVl6x4kwy5jXz5iwC5i_E5ijH9j%bGSlaFplhE8loDSksCSkPASkPALlPAfmlBDmTB_mGDIngFlo$FVoLGtp6HcqtHXqtHYr" /><g i="13" c="397" p="#^9K$v%rG$v%rG1orGxmXFPlsF4loE4lZC4ljC7mGBanGBAp%GB$v%Yx$v%Yxmi%OAmi%iB5k%vB5k1C9j4DDi7E5itF5ixI5iCJ5k%XJ5kvK8jzLDiDM5iZN5iiQ5iuRhjGStkGS5n%GS$v%XO$v%XO1oXOxmrOPlYN4lUM4lwL4lQK2m9K0n9K8p" /><g i="14" c="398" p="%^aJ$v7IdrIGblCGbl7E$v7A$vewmiYzmiwBoo#VB0qiCTsmCTs#qCXrOCWp_CUoGEmiNIminKUo#qK9pxKHp#EKcqKKOq#QKorVKZr#_Kxs$KTs4LTs#bL_rtLsq#LLWoTLoovNmi9RmidN$v" /><g i="15" c="399" p="#^yK$v%QG$v%QG1oQG4lDE4l3D4lmC8mGBbnGBAp%GB$v%Yx$v%Yx$c%GB$c%GBSgGBjhAB_i%vB5k%HB5kXC5iFF5i3I5iiJojyKGkyK5n" /><g i="16" c="400" p="#^vF9l%gC9l%gC$v%yy$v%yy9l%vw9l%vwmj%yymi%yylhyy0fHzYdRATcnDTciFTcOGrd%RFagJEQfMDQf_CQfDCiggCMggCvh%gCmi%vFmi" /><g i="17" c="401" p="#^vF9l%gC9l%gC$v%yy$v%yy9l%vw9l%vwmj%yymi%yylhyy0fHzYdRATcnDTciFTcOGrd%RFagJEQfMDQf_CQfDCiggCMggCvh%gCmi%vFmi^bP9l%YL9l%YL$v%eI$v%eI9l%bG9l%bGmj%eImi%eIlheI0fnJYdxKTc3NTc_OTcuQrd%xPagpOQfsNQfGMQfjMigYLMgYLvh%YLmi%bPmi" /><g i="18" c="403" p="#^mz4q%mzapmz$nSz8nmAgmHBhlZCmknDOjNDdjNDwiNDJhcDjhDCUgzBUgKzUgox4i%3wpfNyUdRBUdlEUdQF5fjHigjHjijHFjIGEk5GCloEQmdDInVC9oBCCoBClp%BC4q^ZyfuZydtwzIs3Aas7Bas7CasGCIseDeteDfueDcvGCMv7Ckw7Bkw5AkwxzNvZyevZyfu" /><g i="19" c="404" p="%^ODvlwH9eBL9eGF2pGF$vVB$vVBap_v9e5A9e" /><g i="20" c="405" p="#^uDfw6xfw6xfp6xMlRyXjAA5iPD5ibG5i4I0j%ZGUl5GxlkFjlAE5lPD5lVA5lVAdpVAetPDetUEetPFYsKGFsEH2s%EHevKGOvPF0wUEfwuDfw" /><g i="21" c="406" p="#^rFfw1DfwGBvu%tBvuGBcwGBtw%GB$B%Yx$B%Yxmi%ZAmi%vB6k%GB6k_C5iyF5iYH5ikJZjIKQlIK8pIKkr3KYsqJzueIpv2HfwrFfw^lE4lZC4lkCWlHBMmGBJo%GB7pGBkrkChs_CetoEetVGetVG5pVG4nhG4mGF4llE4l" /><g i="22" c="407" p="#^BDkt0FktGFwslGIrpGGp%pGdppG0nJF4m2F7lyD7lVA7lVAfpVAirzBjsdCktBDkt^gCfwSzfwuyou6xws6xbp6xRlvyZjVz5ilC5iED5iBEAizF3jiG5k%pG5k%KGmi%TJmi%TJ$B%8G$B%8Ghw8GxviGeu%8GeuyFdvyEKvzDfwgCfw" /><g i="23" c="408" p="#^yK$v%QG$v%QG1oQGxmiGPlNF4lDE4l3D4lmC7mGB9nGBAp%GB$v%Yx$v%Yxmi%OAmi%iB5k%vB5k7C5jdDBijE5iIF5i4I5ijJnjyKFkyK5n" /><g i="24" c="409" p="#^yF5iYH5ikJ_jIKSlIK8pIKxshJouTHfwrFfw1DfwGBvu%pBvu%OA$v%Yx$v%Yx$c%GB$c%GBqhGBfiwB6k%GB6kZC5iyF5i^lE4lZC4lkCWlHBMmGBJo%GB7pGBkrkChs_CetoEetyFetdGasVG6rVG5pVG4ndG4mxF4llE4l" /><g i="25" c="410" p="#^QJli%QJdk%HHNkhIHlhIRmhI1pKGgqcFvruCvr%PBsr%gBorHAQrHAnsHAatLCat%3FatjHatuI8uGJ5vGJZwGJmzGHGAGF$BXB$B4z$Bzx$A3w$z3wdy3w_wQw9wCxkv5zZuwyJu5yauGxCtGx_sGxds6yIrzyarqzGqlycqJxbp5x9o5xMm5xxkyyjj$z5iHC5igD5i2EbiREhi3Fli^hzWxhzHy0A7zMAAz5CAz5EAzeF0znGtynGwxnGLwIFsw1FawDDaw%HBawGAawZzEwhz7xhzWx^EAPmEAXn8BBoFBepHCepLDepeEBoJEXnJEPmJEmkHCmkEAmkEAPm" /><g i="26" c="411" p="#^qxfuqxdtZxIswyaszzasAAas7BIsHBetHBfuHBcv7BMvzAkwzzkwyykw_xNvqxevqxfu" /><g i="27" c="412" p="%^wI$vey$vey9ewI9ewIfh0Cfh0Cal3Ial3Igo0Cgo0CTswITs" /><g i="28" c="413" p="#^CG$v%UF8u%NF8uREjvRDNvSCfwgBfwizfway7v2x$t2xWr2xLpzyJo4AHn8DAn%vFwn%vFVmvFRkoDRkLBRkyzQl%jyjjGA4ixD4ihG4iKHhjcJtkcJVm%cJ$v^vFHp%3EKpsCNpFBjqSARqSAYrSAxtGCxtYDxtJENsvF1svFOq" /><g i="29" c="414" p="#^vF9l%gC9l%gC$v%yy$v%yy9l%vw9l%vwmj%yymi%yylhyy0fHzYdRATcnDTciFTcOGrd%RFagJEQfMDQf_CQfDCiggCMggCvh%gCmi%vFmi^tHPetH$cvJ$cxL$cxLPexLHf0LagwKFgvJFgtHFgtHPe^mL$v%EH$v%EHmi%mLmi" /><g i="30" c="415" p="#^qxfuqxdtZxIswyaszzasAAas7BIsHBetHBfuHBcv7BMvzAkwzzkwyykw_xNvqxevqxfu^qxakqx8jZxDiwy5izz5iAA5i7BDiHB9jHBakHB9l7BIlzAfmzzfmyyfm_xJlqxalqxak" /><g i="31" c="418" p="#^0F_l%5M_l%5MevnKOvSI0wlHfwLFfwIBfwzzTtrxurrx2nrxJiVzjgoCUdNGUdwJUd4M_e%PK$hSI2hLG2hiE2hPCHilBkklB7nlB0qxCzrJD5t$F5taH5tpIRs%pI8p%0F8p" /><g i="32" c="419" p="#^QF2hHD2hwCFilBfklB7nlB5tQF5tIH5tnK8s%nKkvbIfwtFfwABfwvzUtrxwrrx5nrxjksyditz7gmB0fgDUdQFUdqIUd2L8f%QJdiQILhPHphOG2hQF2h" /><g i="33" c="420" p="#^0C4m%fD4m1F4mUFulLGTkLGBjLGjiTFNh$EfhaDfh%0Cfh^0C9p%0C$v%ey$v%ey9e%rD9e4H9ePIufzKOgzKvjzK4lHJjmQIxnfHdogLeuvM$v%iI$v%1E9p" /><g i="34" c="421" p="%^ZB$vey$vey9etI9etIfhZBfhZBSl0ISl0IYoZBYo" /><g i="35" c="422" p="%^OF$vvB$hoB$h#DBgmDBHnDB$vey$vey9enD9eCHOrHHOraM9ekR9ekR$vON$vONyn#ONYmPNam#QNol_N0iTN0igJ$v" /><g i="36" c="423" p="%^SM$v5J$v5Jjo0Cjo0C$vey$vey9e0C9e0C9l5J9l5J9eSM9e" /><g i="37" c="424" p="#^2NVm2NjrxKFt1I$viD$v%ey$v%ey9e%RD9ecI9eDKtg2NMi2NVm^6J$m6Jfh1Efh%0Cfh%0CTs%EDTs6JTs6J$m" /><g i="38" c="425" p="%^7F$vlB$vlBjhvwjhvw9eZJ9eZJjh7Fjh" /><g i="39" c="426" p="#^tJ$v%$w$v%$wnt%tBRosDOm3E0mHEelYEzkdFUjdF9jdF5iDEAh1E2h2D2h0C2h1Bwh3A_h$yTi%Xwrggyjf7zSe$zoe0B8e2CUdjDUd_EUdgGveyH6ffIdgZIjhZIJiZIYjxI2l5I7mbHgnhGoo_Duq%HBFs%HBQs%tJQs" /><g i="40" c="427" p="#^mJ4nmJLrQH$tiGfw7Dfw1AfwsyXtUwCrUw4nUwliqy6gYzTd7DTdcGTdNHdgmJzimJ4n^EA3nEAlqcBNrNBct7DctrEct0FMrCFjqCF3nCFNj0FmiqEWg7DWgOBWgdBmiEANjEA3n" /><g i="41" c="428" p="%^jG$vyC$vyCGlACZjEC6i#HB3jlBljhz$ktxJidD9ejG9e" /><g i="42" c="429" p="#^TwqoTw7j6zyglBYdPFYdlHYdcI7e%cI8h7HVg3GVg7EVgUCuhGB3i3BdjsAmklAtm%vAtmIBpkmEpkLGpk6IVltJpntJ2qtJVsSHAufGfwoDfwpBfwXzkvtypuGxFsTwUqTwqo^jDetwEet9FqsPFCrPF5qPFOocF2oCEinoDineCinqB2oDANoDAMpDAdrnBes8CetjDet" /><g i="43" c="430" p="#^0Czm%gDzm0FzmTFTlLGalLGRjLGwi0GUhiFfhLDfh%0Cfh^AKJjAKBmMI7oZGFpEDFp%0CFp%0C$v%ey$v%ey9e%XD9ebH9eTIyfAKXgAKJj" /><g i="44" c="433" p="#^MI2rMIst1HSuiFfwbCfwlzfw8xav%8xFrXyssbAOssB7tuC7tKD7toEFs3Fas3Fdr3FIqMEiqtETpVDvplD7pBBioYzxn8zQmky6mQxallxdklxZilxBgYyffzAUdoDUdNEUd2GdejHyeHI8f%tH5i1Gvh5FhhaE2hgD2hbC2hCByh2B2i2BRi2BljhBJjwB5k0CrkwCNkpEHlWGUmRH5oMIipMI2r" /><g i="45" c="434" p="#^MM9e%MMIpMMGrTLat_KFujJsvEHfwmFfwWBfw0Auu6yJs6yFp%6y9e%UB9e%UB4pUB8rIC6sxD4ttF4tjH4t8I6s_I7r_I2p%_I9e" /><g i="46" c="435" p="#^rO2nrOureMTt1KfwXFfwRBfwEzTtrxurrx1nrxziEzdgRBTdZFTd4KTdfMfgrOCirO2n^pB2npB2qyCzrHD4tXF4ttK4ttK2ntK1hZF1hID1hyCyipB3kpB2n" /><g i="47" c="436" p="%^ey$vey9e1C9e1C$v" /><g i="48" c="437" p="%^0B9ewACk6yCkCx9e^aG9eGFCkgDCkMC9e" /><g i="49" c="438" p="%^FDYzKxYzKx9eFD9eFDJgVAJgVAnxFDnx" /><g i="50" c="439" p="#^ey9e%OD9eBH9eiJef0Ljg0LFi0LgkgKilwJjmgIvm%gIEmZJ0nJK3otL5ptLPqtLftIJDuXH$vWE$v%ey$v^0Cdl%dEdlMFdlsGLk8Hgk8H9j8H8ioGIhEFfh0Efh%0Cfh^0Cdo%0CTs%uETs2GTsOGhsyHGryHrqyHdomEdo" /><g i="51" c="440" p="%^CwnxlznxlzJgCwJgCw9exC9exCYzCwYz" /><g i="52" c="441" p="%^GM$vlI$vbEfp2A$v$v$vVBOmnw9eyA9eoEzk9I9eeM9eEG$m" /><g i="53" c="442" p="#^aJ$v%THLr%mBLr%3A$v%$v$v%iC4e%WG4e%fN$v^ZGAoaFOiXE2iJEhhDERgdEpijCAo" /></glyphs></font><font id="10" name="Open Sans Charset1 60rJjjf3UGp"><glyphs><g i="0" c="384" p="%^_C4nLH9e$J9e1E4p1E$vXB$vXBap$v9egy9e" /><g i="1" c="385" p="#^ODfwQAfw6zruoxDsoxqpoxam_yhkAAnigDniNFnifH1kJIGlJIoo%JIGp%vzGpzz1sHAgtPBuuTDuu1Guu8IAt%8Inv3HRv6G2w9FfwODfw^fD4kEB4kGA7lJzamyz1o%yG1oyG6mHF5lQE4kfD4k" /><g i="2" c="386" p="#^MGlsMGdunFev_DfwtBfwPyfwkxov%kxwthy$toziuvAAuwBAu6DAuYD4uPEztPEwsPEKr7EbrsDDqvBSpDzapQyFo2y7oFxtnhxPmhxUlhxgkCykjYznigCniqEniuGfj%MFVkLD4k7C4kGA4kXzxkdzZkdzMldzimuzHmMz3nnApn_AKnJCoo5FfpWF8qMG0rMGls" /><g i="3" c="387" p="%^oM$v0K$vgA0haA0h#mAFjmARlmA$vsy$vsy9eOA9ewK3tCK3t#BKKsvKYq#qK9prKoorK9eoM9e" /><g i="4" c="388" p="#^HJipHJzs1IpuoGfwuDfwHBfwiApvVyzu8y_soxproxipox0m1zckGAnizDninGni1IfkHJ6mHJip^vzhpvzSrwActyByuxDyuwFyuyGctAHSrAHhpAHKmyGqlwF5kwD5kwB5kvAplvzImvzhp" /><g i="5" c="389" p="#^XN2nXNkrMLOtCJfwLFfwOBfwFzRtwxqrwx1nwxGiFzhgPBTdMFTdCJTdMLjgXNLiXN2n^Jz2nJzHqfBzsOCruLFruJIrudKzsKLHqKL2nKLsjdKBhJIKfMFKfOCKffBChJztjJz2n" /><g i="6" c="390" p="%^lL$vUI$voClnwA$owA$vsy$vsy9ewA9ewA$mCI9e3L9eUDVl" /><g i="7" c="391" p="#^wIfrwICtOGXu5FfwaCfw$yfwhxqv%hxqtoyUtGzauZArueCrujErumFEtqGRsqGrrqGwq2GWpGFkpOEQoWDko8CHnFzOmAyAlwxmkwxoiwxkg3z6fDAUdaDUdQFUd3ISe%qHGgcFLf7DLftBLfyAsgDz9hDzqiDzljYzXjiAxk6B1lWBwlBD6mpG7nsHgowIppwIfr" /><g i="8" c="392" p="#^2ADi%2Air2AWsNAKtxByu7DyudFyubGpt9Hfs9HEp%9HDi%bJDi%bJ$v%wH$v%dHcu%6HcuuGbvnFJvhEfwSCfwqAfwcz5v$xWt$xnr%$xDi" /><g i="9" c="393" p="#^fEni8FniRFwi%zFokKEdk5EdktCdkjBxlaARmaAPo%aA$v%8y$v%8yDi%PzDi%2A5l%8A5lUANjXB4j_CnifEni" /><g i="10" c="394" p="#^uDfwAAfw_ysuoxFsoxopox1m$yckDAniDDniBEniyFAiwGNi3H3j%sGNkNFwk_ElkbEakADakvzakvznpvzRruAatuBuurDuu6FuuTGLt%TGyvxFfwuDfw" /><g i="11" c="395" p="%^Uz9eozCk6yCkCx9e^oE9eUDCkCCCk6C9e" /><g i="12" c="396" p="#^0O$v%ZL$v%nI2k6IfjOH2iuHQgtHBgcHciCG6k%7D$v%3B$v%kw9e%wy9e%lBapWBurbCntwC8raD$o%mG9e%zI9e%WL5pvM_qVMnt8NErNN8p%BQ9e%OS9e" /><g i="13" c="397" p="#" /><g i="14" c="398" p="#^nG$v%ZF5u%TF5uTElvTDOvTCfwoBfwpzfwgydv8xbu8xis8xfoDD2o%UF_n%UF8nUFAldFQkyE4k2D4knB4kgz5l%EyyjDz0jOAJi_BpiaDpizFpiJGtjTHwkTHSm%TH$v^OBAuHDAuMEytRFvsRFDq%RFqp%PDvppBApkAfqgzWqgzksgzptWz$tBAAuOBAu" /><g i="15" c="399" p="#^iH$v%iHkniHIlyGVkPF5kdE5k7C5k8BelaAmmaAZo%aA$v%7y$v%7yDi%NzDi%7Ark%dArkRAsjYBWi4DnitEniTGni5IyjkJIkkJgn%kJ$v" /><g i="16" c="400" p="#^iH$v%iHlniHJlyGWkPF6kdE6k6C6k8BflaAomaA$o%aA$v%7y$v%7y$c%aA$c%aALiaANj3Atk%bAtkOAwjUBZi$CpiqEpiTGpi5IAjkJKkkJgn%kJ$v" /><g i="17" c="401" p="%^4B$v$vDiayDi2Byq#1CktcC9uiC9u#qCwt8Dur#SDsplGDixIDirD$v" /><g i="18" c="403" p="#^bP$v%bPhnbPHlvOUkQN5koM5kuK5kAJblHIgmHIwo%HI$v%FG$v%FGhnFGHlZFUkiF5kRD5kXB5k2BelaAnmaAZo%aA$v%8y$v%8yDi%NzDi%7Ask%dAskNAtjQBWiTCniaEnijHnigIDk%nIDkZIBj5K_ieLniHMniYOni4QyjdRIkdRgn%dR$v" /><g i="19" c="404" p="#^5JDi%5JVj%DGckYGDkdHjlvH$lvHSmvHQo9G$pPEartCarSBarlB3r2ALr2AOs2AltvACtYATt2CTt%qETtBGTtLHOuWIIvWIrxWIFz8HQAmF$BXB$Bjz$BUx0Btw2Atwfytw1xfx8w1yfvszXuXyIuAydueyKtey4teylsDyOr0zfrSzKqQyjqayipwxgowxXmwxLkQyzj9AniACniDDnitEDi^qyeyqykzkzUzfAsAZBsAwEsAKFHzZGWyZGCxZGwwiG5wDFHvMDHv%lBHvZzHvbzlwqy$wqyey^wzVmwziojA1p6BLpxCLpvFLpvFSmvFSjuCSj3BSjhADkwzolwzVm" /><g i="20" c="405" p="#^aEbk%MAbk%MA$v%Ky$v%Kybk%lwbk%lwgj%Kyyi%KyOhKyTc1DTc6ETcxFid%0FWeRDye0DyeSByejBjfMA3gMALh%MACi%aECi" /><g i="21" c="406" p="#^tCAu$CAuvDvu$DpuiEku%iETvZD1wkD8wHCfwaCfwhyfwhy9s%hyck%nwck%nwdj%hyni%8zxf%jAxf%jADi%cEDi%cEck%jAck%jA3sjAhtUAXttBAutCAu" /><g i="22" c="407" p="#^8A8pGAooLBbn%3GDi%tIDi%2Djo%RI$v%oG$v%GBGp%8A_q%8A$v%8y$v%8y$c%8A$c%8A3n8AKn2A8p" /><g i="23" c="408" p="#^mEfw3DfwZBMvUAhvaAhu%0AhuaAsvaAvw%aA$B%8y$B%8yDi%NzDi%3Ark%aArkYAlj_BSi0DnimEni0HnisIbkVJ$lVJipVJBsrIquZGfwmEfw^3E5k0C5k5BelbAmmaARo%aAhpaA6s6Bkt2Cyu7EyuRFyuQG8tPHKrPHgpPHMmQGrlRF5k3E5k" /><g i="24" c="409" p="%^4J$vCG8o#oGqnLFTkFFTk#9F0nNEaogC$vWz$vgwDioyDi#HzFnmAiq#2BWs8BRtfBRt#nB9tGB2s#ZBXqcCiqFEDiRGDieJiq#WJosaKPtgKPt#jKntxKts#LKyr4NDiaPDiuL$v" /><g i="25" c="410" p="#^eHcu%7HcuKFfwXCfwjAfwRysuoxFsoxlpox1mSyckkAniXCniFFni6Hlk%gHlk%bHnj%7Hri%7H$c%9J$c%9J$v%wH$v^bDyugFyubGqt7Hhs7HMp%7Hlp7HvmaGileF4kaD4koB4krAtlvzRmvzmpvzWrrAetnByubDyu" /><g i="26" c="411" p="#^aA$v%8y$v%8yDi%aADi^Zx$eZxiejy_dFyFdazFdFzFd$z_dmAjemA$emAGf$z0gFzmgazmgFymgjy0gZxGfZx$e" /><g i="27" c="412" p="%^aA$v8y$v8y$caA$c" /><g i="28" c="413" p="#^0wDi%byDi%7Bfq4CSsjC0u%pC0uzCot3DUrADnqoGDi%zIDi%PCRxYB5APA2BGz$B0y$B5x$BbwNB%bw9ASwjAHxjANzjAGAZx%pB3w" /><g i="29" c="414" p="#^mEpi$GpisIckVJ$lVJipVJBsrIquZGfwmEfw3DfwZBMvUAhvaAhu%0Ahu%Bz$v%8y$v%8y$c%aA$c%aAChaAaj3Apk%aApkABpimEpi^3E6k$B6k4BilaAumaAipaA6s6Bkt2Cyu7Eyu_FyuUGbtPHPrPHgpPHFmUGol_F6k3E6k" /><g i="30" c="415" p="#^RxIuRxTtdyttBy2tiz2t$z2toAttOATtOAIuOAvvoAXv_zmwizmwGymwfyZvRxAvRxIu" /><g i="31" c="418" p="%^XD$vSB$vSB$fdw$fdw9eBJ9eBJ$fXD$f" /><g i="32" c="419" p="#^gA5t%sAmt7ABuxzcwXyPxhydz%Mwdz5xXxux3wUxcu2y5t" /><g i="33" c="420" p="%^sy$vsy9ewA9ewA$v" /><g i="34" c="421" p="#^aEbk%MAbk%MA$v%Ky$v%Kybk%lwbk%lwgj%Kyyi%KyOhKyTc1DTc6ETcxFid%0FWeRDye0DyeSByejBjfMA3gMALh%MACi%aECi^EI$v%CG$v%CGDi%EIDi^rG$erGieNG_d7HFdEHFd7IFdtI_dQIjeQI$eQIGftI0g7ImgEHmg7HmgNG0grGGfrG$e" /><g i="35" c="422" p="#^sy9e%uD9e2H9eDIdfdKggdKzidK9kkJblsIdmLGxm%LGEmPKlnPKWqPKjtbJFuAH$vGE$v%sy$v^wAOl%XDOl8GOl5H6l3Ipk3INi3Ihh_GDgWFYfADYf%wAYf^wAzn%wAeu%fEeupGeuvHptBIzsBINqBI6ptHlomGzn4Ezn" /><g i="36" c="423" p="%^_L$vWJ$vWJCnwACnwA$vry$vry9ewA9ewALlWJLlWJ9e_L9e" /><g i="37" c="424" p="#^4GLf8DLfrBIhKzFjKz4nKzAqnBvs0Dpu3GpuWHpujKKt%jKyvtIfwKFfwOBfwFzStwxsrwx2nwxhkyyciAz7gwB0ftDUd6GUdWIUd0LVe%8KHg5ILf4GLf" /><g i="38" c="425" p="%^Uz9epzCk6yCkCx9e" /><g i="39" c="426" p="#^iGFm%mMFm%mMkvYKNvuJ0w0Ifw5Gfw1CfwMzRtwxqrwx3nwxhkDybiLz5gRB$eYDUdMGUdDJUd5MXe%iLMgTILfEGLfnDLfyBHhJzDjJz4nJzHquBzsfDruFGruwIruhK$t%hKwo%iGwo" /><g i="40" c="427" p="#^wAAo%wA$v%sy$v%sy9e%lD9eDG9ebIpfMJFgMJbjMJKmaGZn%0L$v%zI$v%fEAo^wAOm%mDOmzFOmAGWlCH2lCHijCHxhzGLgxFZfdDZf%wAZf" /><g i="41" c="428" p="#^AMbk%aJbk%aJ$v%8H$v%8Hbk%LEbk%LEgj%8Hyi%8HOh8HTcrLTcwMTcXNid%qNWefMyeqLyegKyeJJjfaJ3gaJLh%aJCi%AMCi^aEbk%MAbk%MA$v%Ky$v%Kybk%lwbk%lwgj%Kyyi%KyOhKyTc1DTc6ETcxFid%0FWeRDye0DyeSByejBjfMA3gMALh%MACi%aECi^7R$v%5P$v%5PDi%7RDi^WO$eWOiegP_dCPFd7QFdCQFdYQ_djRjejR$ejRGfYQ0gCQmg7QmgCPmggP0gWOGfWO$e" /><g i="42" c="429" p="#^RvIAIuIA1umA%1uByVuRyRvRy2xRyGx6yjynxjy$v%jy9e%oA9e%oAQvoA8ydzqz2yIARvIA" /><g i="43" c="430" p="#^YI$v%dx$v%dxfu%VBwp3ElnLEqmrFulMFCk6GKj6GJi6GiheFtgnEDfRCDfKBDfKA_fKzlgwyjh%rxXfVzUdPCUdkFUdLGafbIsgbIEibIkkeH$lhGFnGDcq%Mz0u%Mz7u%YI7u" /><g i="44" c="433" p="#^2J2n2JGrAHZt7Gfw7DfweAfwKyVtexzrex2nexoiHy8g8ATd7DTd1GTdxHeg2JAi2J2n^hz2nhzXqcAJs7Bvu7Dvu9Fvu3GIsZGUqZG2nZGcj3Gqh9FEf7DEf7BEfcAphhz9jhz2n" /><g i="45" c="434" p="#^JE$v%LC$v%LChjLCHhRChgACxggCPgYB5hmzcj%hyOh%0D9e%JE9e" /><g i="46" c="435" p="#^OC6lCF6ldHvmRIUnRIkqRI5t4HGujFfwdCfwbzfwCxhv%CxkttyTtKzbu0BvufCvuoEvuAFutMGtsMGyqMGQmbCQm1BQm5zan%2yvm%Jy9e%BH9e%BH1g%sA1g%$znlpB6lOC6l" /><g i="47" c="436" p="%^lG$viAagbAag#mA2imAEkmA$vsy$vsy9eAB9edHTskHTs1N9e7Q9e7Q$v2O$v2Ovk#2OwidOcg7Ocg0I$v" /><g i="48" c="437" p="%^FJ$vsHkqiAkq5y$v$v$v2D4eOE4eQL$v^OGsoJEWi#kEShUDlg#DDwh7DWi1Bso" /><g i="49" c="438" p="#^wz4r%wzpqwz_oYz3opA8nBB6mgDJkHD0k7Eij7Eii7E2hkDngxCIf1BIf3AIf8zWfey8g2xLg%kw5fDyUd8BUduDUdME1f3Gag3Ggi3G9jQFRjBFwk7F7lFEJl7D3nUB6ouBPo5Bvp5BGq%5B4r^WyIuWy2toA2t5B2ttBttSBUtSBIuSBuvtBWv4BmwoAmwLzmwkzZvWyAvWyIu" /><g i="50" c="439" p="#^EMbk%eJbk%eJ$v%cH$v%cHbk%PEbk%PEgj%cHyi%cHOhcHTcvLTcAMTc$Nid%uNWejMyeuLyekKyeNJjfeJ3geJLh%eJCi%EMCi^aEbk%MAbk%MA$v%Ky$v%Kybk%lwbk%lwgj%Kyyi%KyOhKyTc1DTc6ETcxFid%0FWeRDye0DyeSByejBjfMA3gMALh%MACi%aECi" /><g i="51" c="440" p="%^NJVr8HVr8H$vcF$vcFVrwwVrww7q_E3e8H3e8H3qNJ3q^cF3qcF7k#cFnijFagdFag#EElh7E7iyy3q" /><g i="52" c="441" p="#^MJljMJ3mVHxn3G_oDC_o%wA_o%wA$v%ry$v%ry9e%4D9eMJ9eMJlj^wAcn%oCcn8FcnmGjmBHplBHsjBHGhrGPgiFYfRCYf%wAYf" /><g i="53" c="442" p="#^hIlihI2kjH8lmGemBEBm%BEHmLGZmNH3oQI9pQIXqQIvt2HTuhFfw1CfwCAfwqz1wfyPv8xhv%8xmtiyWtCzeuWAxu5CxuJGxuJGUqJGFnDBFn%SzFn%SzVl%EBVlKDVlYE_kaG2kaGqiaG6hgFngnEDfRCDfGBDfDAXfBzfggy6h%exKflyTeMzoecBUdOCUdoFUdQG4fhIgghIli" /><g i="54" c="443" p="#^YAgk%MA_jsBnhXC9e%rE9e4EyfIDjhlD4jbDgk^rwgk%iw_jzwUi9xghMxDfry9e%Yz9e7zfhHygk" /><g i="55" c="444" p="#^qxmoqx5jtzvgwBUdwFUdUGUdHH6e%HHSfLGzfyFzfGCzf9BmhEz8jvzZm%EzZm_ATkUDTkiGTkGHkm3JNn3Jgq3J2tyHFu1GfwrDfwGAfw2zauqx4sqxmo^qDxu9Fxu6Grt3Hks3Hgq3HuoaGunhFtmwDtmqCtmvBWmAAmn1A9ovzYovzPpvz4r_zastAftmBUtgCxuqDxu" /><g i="56" c="445" p="#^HMVmHMjrhKFtUH$voD$v%ry$v%ry9e%VD9e4I9enKtgHMMiHMVm^uKZmuKujKIJh_GYfxDYf%wAYf%wAcu%2DcuLGcuCInsuKyquKZm" /><g i="57" c="446" p="#^RxIuRxTtdyttBy2tiz2t$z2toAttOATtOAIuOAvvoAXv_zmwizmwGymwfyZvRxAvRxIu^RxVjRxhiizhiOAhiOAVjOAJkoA9l_zAlizAlGyAlfyblRxOkRxVj" /><g i="58" c="447" p="#^Mz9e%YzqeDzEf1zghryTiNxgk%iwgk9xNgyx9e^gE9e%rEqe8ExfyD9hZCMiiCgk%MAgk4B1juB9hUBhf2C9e" /><g i="59" c="448" p="%^mB8pJwDi0zDiyCLn3GDilIDiHD8pAI$viG$vyCAqMy$vtw$v" /><g i="60" c="449" p="%^ry$vry9ewA9ewA7uoI7uoI$v" /><g i="61" c="450" p="#^YIMlYIfwRAfwqzfwBy$v%ByfuzzAuPAAuLDAueFMsKGXqTGcn%JGcn2GcoXELoQDhprChp3AhpGySnhxrmhxUjhx5hRyvfpAUdXCUdMEUd7GQeuHLfdIyhYIkjYIMl^XCDfbBDfeALghzShhzTjhzDl9AEm2BFnRCFnYDFnUEcnQFLmmGZlUGalUGkkUG2joGYhUFSg_Efg5EDfXCDf" /><g i="62" c="451" p="%^oI$vsy$vsy9eoI9eoI$fwA$fwALlWHLlWHAnwAAnwA8uoI8u" /><g i="63" c="452" p="#^bDyudFyu8Gtt3Hns7HOp%7Hlp7HxmaGjleF4kaD4koB4krAtlvzRmvzmpvzUrqAdtmByubDyu^UCfwiAfwRyruoxCsoxlpox3mSydkkAniXCniGFni9Hrk%gHrk%zHDi%9JDi%9J$B%7H$B%7Hhw7H3vgHcu%6HcuIFfwUCfw" /><g i="64" c="453" p="%^wA$vsy$vsy9eoI9eoI$fwA$fwAxmWHxmWHnowAno" /><g i="65" c="454" p="%^0xdq0xno0Dno0Ddq" /><g i="66" c="455" p="#^ww$Bmv$BEuHB%Eu2AuviAiwiAfxiAHxMz8yfz8yby%8yDi%aADi%aA2yaA$Bww$B^Zx$eZxiejy_dFyFdazFdFzFd$z_dmAjemA$emAGf$z0gFzmgazmgFymgjy0gZxGfZx$e" /><g i="67" c="456" p="%^HG$v$w$v$wCuhEckrxckrxDiwGDiwGbkjzquHGqu" /><g i="68" c="457" p="#^YytjYyylozBmRzDnSADnSCDnSCtjSCkfSAkfRzkfozmgYyohYytj^xEtjxEfmBDHnGC6pSA6p9z6pcyFngxbmgxtjgxHgayif4zUdSAUdDCUdADlfxEOgxEtj^HJDqHJJs8KLtBKNuCLNuEMNu7NMtCNKsCNDqCNxo7NxnEMwmCLwmBKwm8KxnHJxoHJDq^hPDqhPotlOQuqNfwCLfwTJfwXIOu0Ikt0IDq0IRnWIsmQJ2lCL2llN2ljOumhPVnhPDq^8M9e%eC$v%sA$v%lK9e" /><g i="69" c="458" p="%^CDYz0yYz0y9eCD9eCDTf4ATf4AdyCDdy" /><g i="70" c="459" p="%^Cwdy8Ady8ATfCwTfCw9ecC9ecCYzCwYz" /><g i="71" c="460" p="#^Mz9e%YzqeDzEf1zghryTiNxgk%iwgk9xNgyx9e" /><g i="72" c="461" p="#^WL9e%WLIpWLLs4KvueIfw0FfwOBfw1AuugyJsgyFp%gy9e%lA9e%lAOplA1szBetNCru9FrupHruDIetRJ1sRJNp%RJ9e" /><g i="73" c="462" p="#^XN2nXNuqyMLsaL0vFIQv%VMfA%UJfA%qGdw%LFfwOBfwFzRtwxqrwx1nwxGiFzhgPBTdMFTdCJTdMLjgXNLiXN2n^Jz2nJzHqfBzsOCruLFruJIrudKzsKLHqKL2nKLsjdKBhJIKfMFKfOCKffBChJztjJz2n" /><g i="74" c="463" p="#^2BIh2ByiuBjjWB4k_C8lzEekaFsjOFGiOFGhOFJg9F8gxEyfuDyfpCyfJB8g2BJg2BIh^XCruTFruQHys%uCnn7BcozALo0AhpKzVptzxqtzkrtzLspABtmBruXCru^nxnrnxNpdyzo3zlngB5meAXkSzlkuzKjgz5j2zsi2zLh2zWfeAVerBTdADTdyFTdHGUeQHVfQHJhQH1j_G8k9GflfEnm%dJ9rUJoqiKnpJKmo$K9n%2N9ndMEqyKrs%bO$v%oL$v%8JQtIH7vcGHvJEfwUCfwgAfwPyYunxFtnxnr" /><g i="75" c="464" p="#^$w8p$wVlXx5jTyggFA9e%EC9eUAvg$zkj6z8m6z7p6z2s0ARuWAExCCYz%FAYzTyTxXx6v$wks$w8p" /><g i="76" c="465" p="%^tz$vTG1g8x1g8x9e0J9e0JMfJB$v" /><g i="77" c="466" p="#^oC8poCmsrB7vvAUxJyYz%MwYzsyFxmzSugA2sgA7pgA8mnzkjuyvgKw9e%Jy9evAhgrB6joCXloC8p" /><g i="78" c="467" p="#^EIwqEIasoHgt9GluWDCu%WDsx%lCsx%lCKuZAKuHzwupyiuBxWt%Bx0sCytsWzMsfB2tlC2t%lCGnRzTmQyQlQxNkQx6jQxwh3zvgiAtflCff%lC1d%WD1d%WDdf9GhffI7g%CHJhOF$gWDTg%WDamQFNmNGmnKHXnbIHoEIrpEIwq^zGGqzGOp0GfpuFIoWDao%WDWszGyszGGq^Uz5jUz0krAAk_A7llCEl%lCWg7B6hvAHhUzfiUz5j" /><g i="79" c="468" p="%^$wdq$wno_Tno_Tdq" /><g i="80" c="469" p="#^Zz4r%Hy4r%3y9e%BA9e^RxIuRx2tjz2t0A2toAttNAUtNAIuNAuvoAWv$zmwjzmwGymwfyZvRxAvRxIu" /><g i="81" c="470" p="#^RxIuRxTtdyttBy2tiz2t$z2toAttOATtOAIuOAvvoAXv_zmwizmwGymwfyZvRxAvRxIu^jEIujETtHEtt3F2tMF2ttG2tSGttgHTtgHIugHvvSGXvsGmwMFmw8FmwJEZvjEAvjEIu^OKIuOKTtaLttyL2tfM2tYM2tlNttLNTtLNIuLNvvlNXvXMmwfMmwDLmwcLZvOKAvOKIu" /><g i="82" c="471" p="#^EI9e%TK9e%rE$v%oC$v%$v9e%by9e%hCHp$CHrpDztRDBrzEDp" /><g i="83" c="472" p="#^7DUdzFUd_G1fqI9gqI9iqItjBHzkNGEl_Eym9Hzn4IJo$ISp$Imr$IBtrHWuUFfwcDfwlAfwOy$ugxKtgxrrgxno$AFmjzIlAyCkRxvjRx7iRxbghz2fJAUd7DUd^gzvrgzZshAOtiBCu8DCuZECu_FLt$GUs$Gor$Gcq2Ghp5FmoJCvnVAho4Adpgz9qgzvr^5DxfABxfIAggRz_gRzdiRzljzA9khBYkdDMlZE1lHFbkqGljqGdiqG_gxFggFExf5Dxf" /><g i="84" c="473" p="#^aEbk%MAbk%MA$v%Ky$v%Kybk%lwbk%lwgj%Kyyi%KyOhKyTc1DTc6ETcxFid%0FWeRDye0DyeSByejBjfMA3gMALh%MACi%aECi^EI$v%CG$v%CG$c%EI$c" /><g i="85" c="474" p="%^WE9egy$vew$vUC9e" /></glyphs></font><font id="20" name="Open SansItalic Charset1 5vSLZdbgOjl"><glyphs><g i="0" c="384" p="#^8HPq8HotqFQuIDfwBAfwizfwjy3wkxUvtwtv%twptsyruDAruBCruLDwtWEAsWEZqWE0qhEipEDzoUBzn2AxmkzvlCyskCy1jCyLgdAkfRBUdtEUdGFUdJG7eMHleWIVe%6ILgjHhgjG0gjFLftELfPCLfQBBgRArhRAUiRAyj2B0kfBukIBVk9CklrD3meF8nSFLnuGmoPG6p8HRp8HPq" /><g i="1" c="385" p="%^Ky$vHw$vKA$cOC$c" /><g i="2" c="386" p="#^My$v%Jw$v%zzDi%DBDi^8Acf8AwexA5eWAFdyBFdDCFdDCLeDCqfcCUfOBlgfBlgNAlgsA2g8ALf8Acf" /><g i="3" c="387" p="#^ODpi9GpidHJk%lHJkyHQiUHnh%RI$c%TK$c%RG$v%8F$v%qFst%jFst4EZu$CCvXBfwOAfw5zfw8y2vbxRtbxJrbx6p3yXmYyMkrABjXBpiODpi^tByuDCyuRDpt3FgsMFuquGIouGTmuGwlPFPk9F6kWD6kHC6kDB6lzA6mWzXnhzMphzMrhzyutByu" /><g i="4" c="388" p="#^$BfwLzfwtyWubxAtbxdrbxWo5yQm$yJkvAyj0CniPDniHFniDGbjzH_jzHslzHEnxFVowD9qKz9q%lz9q%hz7rhzKs1AEtOAxumCxu8DxuXDjuLE4uZFvt%ZFhvPEPvXD1w3Dfw$Bfw^HD7krC7kkBgleApmEzso%NzsoACso2EKnxF$mxFClxFZk4FykEE7kHD7k" /><g i="5" c="389" p="#" /><g i="6" c="390" p="#^PAAuuBAuACfu%ACQv9C$vyB7wXAfwzAfw2zfweywvqxNuqxltqxysExwr%bzak%5xak%gxhj%wzki%2Byf%fCyf%ABDi%WEDi%BEak%fBak%HzyrtzCstz9ttzRtPzduaAAuPAAu" /><g i="7" c="391" p="#^RDsi9GsivHQjRIblRIBnRIUpZHXr5HZtAF5v4EcwbCcwRzcwwyQubxrtbx2rbxJo4yGmZyDkuAyj$BsiRDsi^JGjnJGVlYF2lcFakUDakzCakvB4lsAZlSzAnhzbphz8rhzLs3ADtRAvuiCvuzDvuAECtBFIs9G3rJGqpJGjn" /><g i="8" c="392" p="%^2x$vPA9eUC9ewz7uqG7u0G$v" /><g i="9" c="393" p="#^ODniWEniOF_iGGAj9HJk%iHJk%6IDi%GJDi%PG$v%cF$v%wFst%qFsteDfwPAfw7zfw9y2vbxQtbxJrbxbp2y0nVyQkrACjZBniODni^tByuFCyuQDqt$EhsKFtqtGFotGQmtGAlNFRk5F5k_D5kJC5kDB8lxAbmVz_nhzNphzMrhz9tSzStrAyutByu" /><g i="10" c="394" p="#^9Fni0GniEGxi%cGnkyFdkWEdkPDdkQCYkSBGl7B_mpAho3ASp%My$v%Jw$v%zzDi%fBDi%$A5l%7B5l$BXjzCrj8DWiMDFipEni9Fni" /><g i="11" c="395" p="#^UE$v%IGynXGgmXGNlXG0lvGzk4G5k7F5k1E5k$CQkZBylbBVmpAgo$zbq%My$v%Jw$v%zzDi%fBDi%$A5l%7B5liCBjnD_itEniEFnicHni5Idj$I3k$IBl$IzmJINn%ZG$v" /><g i="12" c="396" p="#^ECfwtBfwzADvGz$udzWt%5zWt%ey$v%Jw$v%KA$c%OC$caCYfQBxhvB5jVAbl%0Bbl9CLjfD4jmEpixFpigHpidICjbJPkbJWmbJuplIFrvHPt0G1vxEfwECfw^WE6kLD6kxCgljBqmBAboUzXpUzMrUz6tzAQteByuwCyuKDyuMEztPFzssGLq5HWo5HTm5H6kWE6k" /><g i="13" c="397" p="#^vBDi%Gz5rszbsszOsszyueByujCyulDPtnE4taFJr_FlqoGpo%CHDi%EJDi%PG$v%7F$v%oFwt%fFwt2E2vYCFvTBfwJAfw9zfwgypvnxyunxZsnxdsExTq%qzDi" /><g i="14" c="398" p="#^UE$v%IGynWGpmWGVlWG6k7F6k1E6k$CQkZBylbBWmpAho$zdq%My$v%Jw$v%KA$c%OC$cAC$dnCXeaCTfYBRgKBPhuBUieBYjVAbl%2BblbCHjiD2jqEpiEFpifHpi7Ihj$I9k$IMl$IwmJIOneI8qXG$v" /><g i="15" c="399" p="#^ECfwtBfwzAEvGz0vbzWt%3zWt%0zou_yHuUyevOyNvvx$B%tv$B%zzDi%fBDi%YAal%2BaleDpiBFpigHpidIBjbJNkbJWmbJvplIGrvHRt0G2vxEfwECfw^WE6kLD6kxCgljBqmBAboUzXpUzMrUz6tzAQteByuwCyuKDyuMEztPFzssGLq5HWo5HTm5H6kWE6k" /><g i="16" c="400" p="#^ZEcsZE6uCDbvgCfwPzfwLxfw5wov%5wttXw_tWxguVyyuMzyuiByu4CXtSCktSCnsSCGrrCcr0CJqBAUp$y$oly9oHxinHx6mHxrkWypj9AniaCnifEnicGgj%xFYk%SEEkDD7kaC7k1B7knAFkKzalKz0mKzHmaAbnCAHnZBsogDbpQDJppEeqHERqZErrZEcs" /><g i="17" c="401" p="#^MC9e%qz4r%5y4rHykneA9e^ww2vww6u$wAtux2tjy2tSy2tczotyzJtyznuyzcv3zNvBymwNxmwbxmwRw0wwwGvww2v" /><g i="18" c="403" p="%^lL$vgJ$vFIdk#zIyizIMgvIMg#bIFhLHGi#jHGjBB$vtz$vJy9eOA9eaB8pbBdq#bBqr4Bnt8Bnt#eCpq2DHo_H9eaK9eHKEo#OKwqOKmsNKntUKnt#PLEqvM2pdR9erT9e" /><g i="19" c="404" p="#^qJDi%6JWj%yGdk2HZk2H8m2HtoDFSpcEfrPBfr8BfrOA8r5zOr5zLs5zftvzqtVzAtGAHt%5CRtjE7uiFXuiGKviGhxiGxzwEMAKC$Bvz$B7x$BNv5BrucAruzyruhxkvlwcwpvayLudxfudxgtdxqsQxQrsydrzzHqOyiqjyypQxNoQxMnQxolhzUjKAni0DniZDniUEDi^qwmyqwizcxRz$xpAzzpAOBpA2DDziESyiErxiEHwDDfwZCPvoBEv%szsv_xLvcxwwqwhxqwmy^PzInPzKomAhpVAQpUBQpSCQpADjpiEOoGEVn3F$m3FYl3FYkwErk_DVj_CVj1CVjjBpkCAUkcANlPzFmPzIn" /><g i="20" c="405" p="#^8KLi8KNl8Ion8G_ogC_o%DA_o%7z$v%2x$v%PA9e%RE9esH9eOIjf8Ksg8KLi^$Acn%DCcnfFcnCG5m_HZk_HQi_Hih8HDgiGYfxEYf%yCYf" /><g i="21" c="406" p="#^uHLfnFLfHDXg0C6i1Bpk2AHm2Aop2AGreB2tqCpuwEpucGpurIIt%rIwvoHVvrG4wuFfw8EfwbBfwvzquQxBsQxrpQxfm6zvjpALgACkfLEUduHUdUJUdKLSe%UKAgdJLfuHLf" /><g i="22" c="407" p="#^WFkq%Szkq%Tw$v%zu$v%jE9e%rG9e%HI$v%CG$v^IFqo%gFMk_EAiWEvgtEzhXDDipDHjUAqo" /><g i="23" c="408" p="#^uE$v%iGynwGomwGUlwG1l8GzkMF5kRE5kPD5kRCQkTByl8BWmpAho$zbq%My$v%Jw$v%zzDi%fBDi%$A5l%7B5lbCEjeD0jiEniqFniOGnixHajhIYjqInl%wInlzJRjLK6jXLni8NniHOnixPcjoQ1koQCloQrm7QNn%mO$v%hM$v%5OynlOgmlOMllO$kWNykvN5kBM5kCL5kEKOkGJvlXIPmdI6oRHUp%yG$v" /><g i="24" c="409" p="#^aCfwOzfwuyXubxDtbxfrbxOo5yKm$yGkBAxjbCniaEniRFnirH_i%TGIkpF5kcE5kPC5kHB1lzAYlWzDnhzhphzerhzPs5AHtVAyulCyudDyu$DiuNE2uxFJt%xFtv1EfwaCfw" /></glyphs></font><font id="30" name="Open SansBoldItalic Charset1 6Z2nnMsrUBe"><glyphs><g i="0" c="384" p="#^yHJqyHhtKFMuWDfwRAfw7yfwvw8v%vwOrRy7tSA7teC7t$CCsMD4sMDarMDEqBDfqrDSp7DwpPCapDBfoXz3nfzTlzyHkzyjjzyLhjzwg4AgftBAeTCUdIEUdlHUdyJ5f%dIXhjG2hIE2hHD2h1DBhoC8ioC1joCNjNClkbDUkBEPl4GNmPGZnyH8pyHJq" /><g i="1" c="385" p="#^WH$v%fE$v%WF1o6Gbn6GAm6G4lOE4lGD4lLCtmRBSnjBlq%7A$v%rw$v%tA$c%8E$cGDcfpDog9DAhmC9k%tC9kdDdj8EFi4F5iiG5i_H5iVI6jQJ7kQJ0mQJVmyJdo" /><g i="2" c="386" p="#^PFvnPF5l4E5l9D5lqCRlIBAmfB1oOAtpOA$qOAgtDCgtxDgtgEws$ELrpFqqPF4pPFvn^wJvnwJ4qFI4sOH3uaG9vyEfwjCfwXzfwwyPu5xnt5x_q5xooZxmmRykkuAdj7C5ilE5iJG5i6IxjwJZkwJvn" /><g i="3" c="387" p="#^bzmi%SCmi%bBkq$A9r$AMr$AhtjChtrDhtlEUrgFuqOF$n%_Gmi%GKmi%MH$v%ZE$v%dFtt%8FttnDfwPAfw7zfweyfvlxeulxkslxbrExJp" /><g i="4" c="388" p="%^7A$vrw$vtA$c8E$c" /><g i="5" c="389" p="#^YAfw9zfw7yXu5xDt5xgr5xToZxImRywkgAjjHB5iqD5iqE5i8FyiTF_iwG5k%CG5k%EGLjIGpiXGmh%TH$c%yL$c%vH$v%JE$v%UEeu%REeuZDiv0DNv4CfwYAfw^uChtiDht2ErsPEBrhFcqLFPoLFdnLFfmhFGlQE4l1E4lcD4lsCYlIBPmfBgoPAIpPA7rPAhtuCht" /><g i="6" c="390" p="#" /><g i="7" c="391" p="%^dGurYM9e6S9elO$vWK$vHMyn#lNxkZN9iVN9iZG$vxD$vOC9iLC9i#CCejhC_k#YBKm$z$vEw$vpA9elF9eaGur" /><g i="8" c="392" p="#^gG5i_G5irHdi%EGMl5GzlqFzl$DzlWCHmSBOnpBUp%7A$v%rw$v%lzmi%8Cmi%UBTk%ZBTkLD5igG5i" /><g i="9" c="393" p="#^uELkqDLktCKlwBImdB6o%MB6oFD6oIEwnMFWmMFVlMFLkuELk^uCfwWzfwvyTu5xut5xZq5xro5ymm6zgkQAbjyC5iJE5iTG5i4I5jiJ4kiJPliJ6ofHmpdFBqrBBq%PABq%OARq%OA5rOAcspBRs1CutdDuthEut8Fft0G0tfHqs%fHbv8FfwuCfw" /><g i="10" c="394" p="#^cF_l%3M_l%5KhvsIRv2H2wFFfw5EfwXAfwdzsuvxFsvxipvx0mOynj6AKgtCjfRETdXHTdCKTdYM4f%yL8iDKFhJJnhQI4hMH4hVF4hrE5iZC5j7CZkiBRmiB$oiB6raC5s3D4tUE4tPF4tZGNs%MH8p%wE8p" /><g i="11" c="395" p="#^WH$v%fE$v%WF1o6Gbn6GAm6G4lOE4lGD4lLCtmRBSnjBlq%7A$v%rw$v%lzmi%8Cmi%UBTk%ZBTkLD5iiG5i_H5iVI6jQJ7kQJ0mQJVmyJdo" /><g i="12" c="396" p="#^2H1hqF1h8E0iSC$i4CWkiBRmiB3piB5r7C5sZC4tOE4tAG4tWI7s%WIivuGfw1EfwXAfwdzquvxBsvxfpvx2mMymj1AFg9CgfhETd2HTdzITdLJ9eXKqehM9f%RKciyJuhIIghTH1h2H1h" /><g i="13" c="397" p="#^gCht3DhtfERs%fEBvUCfw$AfwazfwiyuvrxIurx5trxusBxKr%$y9l%8x9l%vxmj%Uzki%vBsf%SDsf%gDmi%JGmi%6G9l%GC9l%fBJrbB5sbBnsbBhtgCht" /><g i="14" c="398" p="%^Ew$vpA9e8E9e0BTsgHTsCG$v" /><g i="15" c="399" p="#^YAfw9zfw7yXu5xDt5xir5xToZxHmRyvkgAijIB5iqD5iBE5isFCijG6jOG5k%UG5k%BHmi%qKmi%vH$v%JE$v%UEdu%REducDfwYAfw^oChteDht0EtsOEErgFfqLFRoLF4nLFcmhFElPE4l1E4lcD4lsCYlIBPmfBgoPAIpPA7rPAcsdBLsDBhtoCht" /><g i="16" c="400" p="#^rGvlHFGnXEop%5C$v%7y$v%wxmi%YAmi%$Aoo%YAqq%SAws%VAws_Ags4B0sbBLrIBlqeCXogCUo%5Fmi%5Jmi%5JUo5JDqZIws%2Jws%oJxrhK$oyKoo%dNmi%ZQmi%vK$v%tG$v%oGEpoGLnwGvl" /><g i="17" c="401" p="#^6Gur6GNtBE0v4DfwmAfw3zfw4y3w6xTvgwsv%gwqsbyxtaAxt8BxtMB8toCKsoC2soCwrXB6ruBHqlA2qSydpgyooHxznHxsmHxnk1zejoA5iUC5ilF5ikHfj%6GTlpESkZCSkgCSkQBalpBtlpB$lpBtmOBQmbCbngDKnMEworFqp6Gjq6Gur" /><g i="18" c="403" p="#^CF9epI9eQJ9fgL8ggL6igLXjfK8leJkmnHJm%nHNmBI6njJZn2KQo2Kaq2KZsaIuujG$v0D$v%Ew$v%pA9e^ECdl%tEdlXFdlGGDkqH1kqHWiqHfhlFfh%uDfh^0BTs%dDTsEETssFasgGsrgGbqgGdo1Edo%0Cdo" /><g i="19" c="404" p="%^CG$vEw$vpA9eoK9eKJfhuDfhGCalvIalQHgo$Bgo0BTsgHTs" /><g i="20" c="405" p="#^aCfwJzfwpyXu5xCt5xdr5xEo$xwmVyokyAfjcC5ijE5iyG5ikIZi%cHMlyGulVFhlgF4ltE4lqD4lACSlLBEmhB$nPAmpPAWqPA5smBHsWBhtVChtRDhtDE$sqFIsgGgs%gGhvqEfwaCfw" /><g i="21" c="406" p="#^az4q%lz7pzzSneAYmVA2mlC3lSD1kgEwjGE_iGEliGEUg2DUgrCUgLB5h3Bhhhz6i%aypfZAUdBDUdMFUd0HYegI0ggIXhgIYiWHMjAHAkWGglgGYlBE3nPDBnqDZn1DkoNCLoxCapjC4q^0yAu0yttHyQsmzaswAaslBasRBEslC5tlCXtlC$uGBGv$AkwWzkw0zkwwySv0yov0yAu" /></glyphs></font></bwFonts>